{"cameraMode":{"drawMode":0,"name":"Shaded","section":"Shading Mode"},"sceneLighting":true,"audioPlay":false,"sceneViewState":{"m_AlwaysRefresh":false,"showFog":true,"showSkybox":true,"showFlares":true,"showImageEffects":true,"showParticleSystems":true,"showVisualEffectGraphs":true,"m_FxEnabled":true},"in2DMode":false,"pivot":{"x":2.427976608276367,"y":5.444732666015625,"z":302.2286376953125},"rotation":{"x":0.1012200340628624,"y":0.007461337372660637,"z":-0.0007592470501549542,"w":0.9948254227638245},"size":719.1054077148438,"orthographic":false}